Rainfall_mm,Water_Level_m,Humidity_percent,Temperature_C,Risk
57.87,1.65,78.51,27.42,MEDIUM
77.28,0.63,67.81,28.14,LOW
51.17,0.84,91.5,33.49,LOW
46.1,1.54,84.94,22.39,MEDIUM
83.61,0.27,86.0,24.4,LOW
48.96,1.24,91.1,22.18,MEDIUM
64.53,0.46,70.82,25.19,LOW
60.43,0.89,76.6,26.16,MEDIUM
83.56,0.76,76.11,23.35,MEDIUM
40.63,0.49,63.8,26.43,LOW
102.12,0.48,75.1,21.95,MEDIUM
33.51,0.96,92.7,25.44,MEDIUM
67.31,1.23,80.61,33.2,MEDIUM
62.23,0.8,63.19,30.41,LOW
31.27,0.88,60.89,29.66,LOW
71.03,1.07,96.31,25.49,MEDIUM
42.88,0.48,77.01,23.62,LOW
23.79,1.13,70.88,25.01,LOW
76.94,1.16,74.99,28.85,MEDIUM
17.0,1.84,61.75,32.04,MEDIUM
27.43,0.71,93.65,32.16,LOW
50.77,0.68,73.68,31.21,LOW
83.21,1.14,93.04,26.42,MEDIUM
73.91,1.16,78.57,29.09,MEDIUM
57.25,0.65,93.72,27.88,LOW
12.49,0.7,80.82,28.3,LOW
32.37,1.06,87.39,36.13,LOW
37.89,0.54,85.91,22.83,LOW
22.9,0.69,84.86,28.18,LOW
9.56,0.88,81.83,33.24,LOW
52.45,1.23,75.44,23.87,MEDIUM
75.42,0.62,99.07,26.75,LOW
35.74,0.15,68.02,27.15,LOW
82.53,0.12,78.05,28.22,LOW
15.25,0.37,78.16,23.41,LOW
21.78,0.35,82.43,31.08,LOW
51.7,0.79,73.28,31.33,LOW
33.54,0.4,81.46,30.78,LOW
71.46,0.58,76.14,25.95,MEDIUM
64.07,0.56,60.6,29.3,LOW
35.33,0.68,78.11,25.85,LOW
16.58,1.35,65.89,27.84,LOW
32.4,1.1,58.92,36.54,LOW
65.09,0.86,79.51,29.33,LOW
73.28,0.67,83.37,24.84,LOW
33.65,0.69,83.79,29.63,LOW
9.5,0.97,84.24,24.27,LOW
14.5,1.07,56.74,24.8,LOW
61.7,0.51,63.03,25.36,LOW
34.91,0.86,99.71,27.44,LOW
35.52,0.08,66.48,32.28,LOW
21.49,0.93,84.72,31.02,LOW
21.16,1.14,70.44,30.83,LOW
81.66,0.74,78.88,25.15,LOW
63.13,1.54,71.03,27.11,MEDIUM
29.17,0.52,84.18,29.95,LOW
49.17,0.93,79.5,26.8,MEDIUM
55.07,0.84,73.07,28.03,LOW
125.54,0.81,66.45,30.54,MEDIUM
19.71,0.81,80.95,27.78,LOW
54.59,0.89,64.66,29.79,LOW
81.4,1.17,82.7,34.57,MEDIUM
116.62,1.37,100.0,28.4,HIGH
28.05,0.85,92.85,33.13,LOW
34.58,1.16,85.9,30.96,LOW
71.9,0.58,77.06,23.86,LOW
12.3,1.14,56.67,25.14,LOW
58.22,0.56,63.45,26.08,LOW
153.49,1.26,92.11,26.01,HIGH
62.3,1.69,69.31,28.68,MEDIUM
5.16,0.8,70.31,31.15,LOW
24.04,0.05,76.18,33.39,LOW
28.73,0.64,66.32,30.08,LOW
93.37,1.32,64.51,27.44,MEDIUM
41.46,1.06,77.44,21.71,MEDIUM
9.65,0.94,68.19,29.25,LOW
44.85,1.23,69.85,29.09,LOW
51.26,1.03,69.41,29.64,MEDIUM
31.61,1.31,83.75,36.37,LOW
20.85,1.2,75.45,33.34,LOW
163.66,1.43,76.04,31.75,HIGH
81.56,0.99,84.57,25.63,MEDIUM
86.27,1.19,76.44,27.2,MEDIUM
41.52,0.73,74.94,28.67,LOW
27.68,0.62,83.17,26.29,LOW
32.79,1.5,85.35,30.75,MEDIUM
15.21,0.93,76.38,30.25,LOW
124.05,1.16,78.89,25.19,MEDIUM
42.73,0.9,69.4,33.19,LOW
107.0,0.63,68.53,29.36,MEDIUM
33.99,0.85,86.46,22.95,LOW
62.9,1.4,82.89,28.82,MEDIUM
53.21,1.06,83.01,29.98,LOW
13.8,0.2,81.09,32.4,LOW
133.77,0.77,78.51,27.82,HIGH
34.76,1.53,85.66,31.9,MEDIUM
18.15,0.77,88.29,29.65,LOW
72.27,0.17,88.02,24.4,LOW
46.49,1.57,76.89,24.05,MEDIUM
59.17,1.11,93.26,32.93,LOW
49.83,0.82,80.51,33.19,LOW
5.83,0.71,84.96,30.13,LOW
23.38,1.26,81.1,34.23,LOW
22.64,0.64,80.72,32.7,LOW
85.46,1.29,69.91,31.39,MEDIUM
47.72,1.06,85.71,25.81,MEDIUM
65.42,0.94,100.0,35.06,MEDIUM
36.35,0.91,73.88,30.88,LOW
67.57,0.78,78.78,27.65,MEDIUM
41.59,1.25,73.09,26.66,MEDIUM
39.43,0.52,72.63,29.9,LOW
52.96,0.23,94.99,23.15,LOW
49.83,1.08,70.6,31.45,LOW
196.28,1.09,72.79,25.66,HIGH
23.17,1.03,60.54,30.3,LOW
12.4,1.0,69.67,27.17,LOW
58.3,0.73,59.21,28.07,LOW
25.93,1.15,84.95,26.35,LOW
5.04,0.83,100.0,28.44,LOW
18.97,0.66,73.97,35.61,LOW
170.25,0.73,59.67,33.85,MEDIUM
22.67,1.62,87.9,30.24,MEDIUM
8.7,0.19,70.0,28.91,LOW
163.72,1.04,92.29,31.95,HIGH
18.33,0.21,74.9,32.95,LOW
232.84,0.81,71.05,26.1,HIGH
35.18,0.69,76.04,28.73,LOW
134.12,0.06,86.34,22.62,MEDIUM
38.78,1.0,75.5,32.93,LOW
63.15,0.71,72.54,36.23,LOW
42.24,0.05,75.81,29.28,LOW
39.0,1.17,64.01,21.56,MEDIUM
55.05,1.4,82.37,31.13,MEDIUM
64.7,1.42,58.35,25.84,MEDIUM
52.18,0.99,73.11,26.68,MEDIUM
48.51,0.87,86.35,31.19,LOW
26.1,1.35,81.33,29.89,MEDIUM
43.42,1.49,84.49,27.29,MEDIUM
123.68,1.28,77.28,26.73,HIGH
25.15,0.49,90.87,29.44,LOW
56.17,0.93,88.17,27.57,MEDIUM
100.32,1.02,82.91,25.12,MEDIUM
65.06,0.16,88.2,27.84,LOW
86.05,1.03,86.25,30.19,MEDIUM
18.09,1.71,73.17,28.38,MEDIUM
56.27,1.09,63.22,24.05,LOW
37.38,1.41,82.62,32.46,MEDIUM
38.58,0.92,84.01,19.41,LOW
117.13,0.82,90.0,27.44,MEDIUM
39.04,0.99,67.7,26.83,LOW
57.52,0.54,68.03,29.52,LOW
8.71,0.48,83.06,30.97,LOW
134.02,1.33,77.22,32.94,MEDIUM
82.83,1.37,57.26,26.51,MEDIUM
44.6,0.47,82.13,31.05,LOW
36.15,1.22,57.62,29.69,LOW
69.53,0.82,67.6,23.01,LOW
99.54,0.98,92.87,35.65,MEDIUM
135.17,1.02,98.07,23.96,HIGH
81.05,1.23,64.63,30.47,MEDIUM
48.98,0.88,74.38,30.36,LOW
89.28,1.39,78.47,29.96,MEDIUM
78.81,0.97,97.59,27.27,MEDIUM
49.11,1.09,72.58,31.9,LOW
77.3,0.53,72.75,23.54,LOW
76.34,1.67,95.04,28.77,HIGH
44.42,1.03,73.88,27.03,LOW
31.11,1.12,85.94,26.63,LOW
72.01,0.24,61.75,30.5,LOW
19.9,0.54,76.12,32.77,LOW
16.23,1.32,59.74,27.8,LOW
58.16,0.96,66.39,31.73,LOW
70.7,0.12,87.23,29.17,LOW
57.85,1.24,77.45,25.88,MEDIUM
62.28,0.64,74.49,28.1,MEDIUM
69.9,1.39,69.76,27.95,MEDIUM
117.41,0.82,75.57,26.56,MEDIUM
81.97,0.93,81.31,30.5,MEDIUM
80.35,1.3,88.81,29.82,MEDIUM
55.08,0.51,49.12,23.43,LOW
56.52,0.47,68.85,23.22,LOW
41.81,0.78,79.75,30.49,LOW
61.03,1.16,76.91,26.15,MEDIUM
19.04,0.34,82.44,30.06,LOW
117.76,0.22,80.94,31.73,LOW
23.84,1.16,74.65,24.55,MEDIUM
81.86,0.62,72.2,24.06,MEDIUM
108.37,0.7,75.3,34.86,MEDIUM
81.73,0.14,90.64,30.23,LOW
179.87,0.59,69.95,27.53,MEDIUM
6.23,0.85,77.31,25.73,LOW
32.71,1.2,80.02,27.21,LOW
107.21,0.56,95.16,24.83,MEDIUM
15.64,1.48,74.7,32.09,LOW
24.46,0.59,88.55,26.28,LOW
66.96,0.59,91.55,32.83,LOW
48.55,1.43,77.3,27.6,MEDIUM
64.18,0.93,75.68,25.35,MEDIUM
51.55,0.64,74.38,27.51,LOW
54.94,0.79,75.19,19.82,MEDIUM
26.5,1.36,87.4,28.58,MEDIUM
53.72,1.41,80.54,28.4,MEDIUM
34.47,0.54,80.59,31.89,LOW
38.16,0.83,65.62,22.4,LOW
81.12,0.88,67.36,33.07,LOW
14.91,0.48,100.0,31.87,LOW
3.73,0.83,76.04,33.38,LOW
77.23,0.85,69.48,28.82,MEDIUM
53.75,1.28,93.74,32.55,MEDIUM
108.29,1.31,81.1,23.85,HIGH
25.01,0.72,84.36,31.5,LOW
43.4,0.77,76.48,26.3,LOW
49.88,1.1,74.49,23.22,MEDIUM
29.17,0.63,76.13,25.07,LOW
22.43,1.07,62.79,29.02,LOW
79.85,0.82,77.03,26.11,MEDIUM
13.59,0.48,81.26,30.32,LOW
19.38,0.49,98.36,22.67,LOW
42.33,1.4,78.95,21.56,MEDIUM
86.1,0.79,52.32,33.8,MEDIUM
30.7,1.47,76.97,32.16,LOW
27.7,0.65,100.0,25.33,LOW
40.5,0.96,87.53,28.99,MEDIUM
60.15,1.76,69.08,32.57,MEDIUM
35.91,0.45,84.5,30.47,LOW
93.43,0.13,69.84,29.52,LOW
96.03,1.34,63.11,32.83,MEDIUM
42.33,0.54,74.17,26.44,LOW
150.06,0.84,79.01,29.11,MEDIUM
49.08,0.63,57.41,28.94,LOW
93.92,0.95,65.36,28.05,MEDIUM
58.99,0.49,78.11,27.64,LOW
58.23,0.78,73.51,29.26,LOW
10.71,1.02,82.34,29.12,LOW
17.96,0.47,64.64,25.33,LOW
37.35,0.58,85.86,31.81,LOW
95.55,0.72,64.98,25.58,MEDIUM
59.58,0.31,96.07,28.24,LOW
37.61,0.69,59.13,27.97,LOW
71.17,0.9,65.98,30.25,LOW
93.25,0.7,82.59,21.58,MEDIUM
46.88,0.75,96.31,32.12,LOW
54.71,0.84,81.47,26.63,LOW
49.86,0.6,84.19,33.27,LOW
44.75,1.11,78.19,27.33,MEDIUM
24.78,1.4,66.71,28.83,LOW
23.21,0.67,72.61,35.7,LOW
70.87,1.03,64.67,28.03,MEDIUM
94.42,0.76,63.93,33.34,LOW
37.56,0.99,82.42,29.14,LOW
36.9,1.44,65.65,30.45,MEDIUM
7.9,1.04,81.52,29.24,LOW
6.35,0.18,63.68,31.97,LOW
110.47,1.02,81.26,26.6,MEDIUM
26.15,1.32,72.62,25.56,MEDIUM
187.77,0.77,93.47,26.76,HIGH
30.04,1.23,81.56,29.35,MEDIUM
11.08,0.59,91.59,28.23,LOW
50.15,0.29,69.69,31.49,LOW
79.22,0.9,78.62,33.57,LOW
73.42,0.18,67.21,25.58,LOW
84.54,0.76,73.45,26.43,LOW
20.75,1.34,75.12,23.97,MEDIUM
108.78,0.12,70.02,36.11,LOW
112.91,0.36,64.63,30.07,LOW
116.1,0.46,62.45,30.68,MEDIUM
56.05,0.83,52.26,24.31,LOW
35.37,0.71,66.38,29.0,LOW
32.96,1.38,84.9,30.78,LOW
11.01,1.21,60.42,28.12,LOW
30.58,1.04,62.95,32.76,LOW
3.36,0.91,97.7,37.09,LOW
9.51,1.0,71.0,25.69,LOW
55.65,0.52,81.53,25.42,LOW
38.54,1.18,85.07,25.93,MEDIUM
53.96,0.43,85.29,34.62,LOW
75.21,1.17,61.25,32.65,MEDIUM
61.09,1.3,75.46,28.53,MEDIUM
57.54,0.93,60.2,29.13,LOW
43.75,0.78,100.0,26.14,MEDIUM
25.37,1.0,60.46,32.12,LOW
15.76,0.05,66.47,27.67,LOW
31.23,0.96,66.55,28.09,LOW
44.29,0.81,61.54,31.13,LOW
48.44,0.83,92.88,28.34,MEDIUM
84.66,1.12,100.0,28.18,MEDIUM
41.42,0.82,72.77,29.04,LOW
68.02,0.42,63.48,31.78,LOW
12.62,0.8,53.39,34.76,LOW
56.2,0.88,75.31,31.05,MEDIUM
53.46,0.89,74.52,31.81,LOW
108.8,0.91,70.84,28.3,MEDIUM
38.56,1.24,80.44,26.52,LOW
37.33,0.44,82.35,31.29,LOW
75.57,0.92,81.55,29.6,LOW
16.91,1.34,74.52,24.02,LOW
55.18,0.19,65.88,27.85,LOW
16.13,0.92,85.32,28.71,LOW
140.61,0.63,78.14,27.21,MEDIUM
33.63,0.71,87.77,34.19,LOW
15.16,0.51,86.69,30.68,LOW
31.05,0.79,62.36,33.81,LOW
55.42,1.55,62.22,29.92,MEDIUM
66.58,0.37,69.69,29.28,LOW
105.14,0.41,66.38,25.72,MEDIUM
28.12,0.36,86.31,29.04,LOW
77.88,1.51,81.86,29.05,MEDIUM
9.52,0.67,90.09,24.22,LOW
19.5,0.84,82.36,27.11,LOW
12.97,0.7,80.3,27.87,LOW
24.18,0.49,91.2,30.45,LOW
75.54,0.76,83.17,30.61,LOW
28.68,1.78,78.75,26.97,MEDIUM
33.18,1.38,94.28,30.64,MEDIUM
56.47,0.53,79.27,28.36,LOW
64.68,1.1,74.65,18.96,MEDIUM
33.97,0.53,68.78,27.3,LOW
19.38,0.17,85.73,32.78,LOW
126.15,1.24,91.61,23.11,HIGH
34.15,1.29,77.44,29.39,MEDIUM
36.84,1.25,92.39,34.55,MEDIUM
40.48,0.67,56.33,26.34,LOW
69.39,0.79,77.39,29.01,MEDIUM
11.97,1.13,77.56,24.44,LOW
157.75,1.0,70.0,34.7,MEDIUM
36.07,0.7,100.0,28.71,LOW
70.99,0.23,77.27,29.16,LOW
15.33,0.89,73.51,33.74,LOW
52.51,1.26,78.29,31.32,MEDIUM
142.51,0.39,55.97,25.94,MEDIUM
129.96,1.09,69.64,26.73,HIGH
69.74,0.98,88.82,30.73,MEDIUM
22.83,1.14,71.08,26.82,LOW
101.54,1.18,68.88,21.59,MEDIUM
9.45,0.59,92.4,28.81,LOW
22.13,0.24,92.74,23.82,LOW
43.94,0.65,83.69,34.66,LOW
10.38,1.19,72.99,29.62,LOW
30.99,0.64,75.37,25.83,LOW
78.93,0.59,69.15,26.55,LOW
26.28,0.16,67.06,22.39,LOW
81.43,1.52,66.51,25.15,MEDIUM
184.52,1.16,71.2,32.56,HIGH
61.2,1.14,66.62,36.81,MEDIUM
80.49,1.22,60.8,31.54,MEDIUM
103.81,1.07,80.41,28.68,HIGH
33.32,0.76,80.58,27.49,LOW
79.22,0.79,96.71,25.65,MEDIUM
32.68,0.69,70.65,36.21,LOW
58.24,1.85,81.26,28.34,MEDIUM
87.32,1.06,81.44,36.4,LOW
23.74,0.67,75.21,33.88,LOW
3.81,1.03,86.19,22.91,LOW
21.87,0.47,86.53,26.67,LOW
95.94,1.42,81.6,26.66,MEDIUM
19.57,0.6,75.19,28.72,LOW
92.46,1.04,74.07,28.79,MEDIUM
21.96,1.26,62.95,39.49,LOW
39.5,1.0,69.13,25.23,LOW
46.2,0.89,71.16,29.8,MEDIUM
19.49,0.85,65.64,31.16,LOW
39.83,0.83,82.84,28.99,LOW
11.04,0.63,91.16,29.39,LOW
35.68,0.68,68.01,25.34,LOW
43.46,1.41,81.12,29.37,MEDIUM
4.07,0.81,66.62,30.79,LOW
21.71,0.55,74.65,30.15,LOW
57.0,0.65,70.41,31.0,LOW
17.55,1.27,84.62,33.94,MEDIUM
63.69,1.11,70.53,32.28,LOW
68.03,1.06,89.13,29.25,MEDIUM
56.83,0.75,75.3,24.9,LOW
78.59,1.07,70.85,26.9,MEDIUM
10.32,0.61,64.21,28.23,LOW
89.93,0.75,80.79,29.88,MEDIUM
19.77,1.22,87.85,27.33,LOW
50.13,1.18,81.01,25.72,MEDIUM
138.93,0.48,100.0,24.84,MEDIUM
35.09,0.52,93.73,23.22,LOW
47.06,0.89,74.62,28.18,LOW
19.87,1.51,74.5,23.86,MEDIUM
138.05,0.12,83.17,25.5,MEDIUM
21.75,0.96,68.78,27.62,LOW
72.1,0.33,90.83,24.32,LOW
103.69,0.61,81.98,30.33,MEDIUM
76.78,0.71,80.82,31.59,LOW
59.3,0.69,85.56,27.08,LOW
49.58,0.65,96.95,27.47,LOW
15.18,0.85,79.88,30.88,LOW
134.14,0.65,76.76,26.5,MEDIUM
55.94,0.29,94.6,26.26,LOW
47.08,1.15,88.64,33.19,LOW
18.4,1.14,74.47,32.09,LOW
48.76,1.17,78.06,31.11,MEDIUM
44.94,0.26,80.15,32.24,LOW
138.93,0.96,81.98,22.08,HIGH
47.06,1.11,63.08,33.74,LOW
48.19,0.46,61.03,30.37,LOW
18.6,0.85,68.24,32.54,LOW
25.54,0.81,67.39,30.36,LOW
66.4,1.55,70.92,29.17,MEDIUM
8.38,1.58,84.98,28.04,LOW
89.61,0.22,76.14,30.29,LOW
91.21,1.8,80.16,27.91,HIGH
23.34,0.5,64.53,32.04,LOW
59.45,1.22,72.92,23.45,MEDIUM
105.89,1.22,84.46,27.1,MEDIUM
42.29,0.47,84.54,36.16,LOW
36.59,1.04,70.03,26.81,LOW
40.1,0.81,79.78,28.16,LOW
55.85,1.06,100.0,25.91,MEDIUM
28.33,0.94,77.81,30.18,LOW
34.24,1.3,70.37,26.42,MEDIUM
56.63,0.88,76.09,28.35,MEDIUM
32.08,0.79,79.01,31.97,LOW
17.16,1.27,76.34,26.55,LOW
7.59,1.07,77.66,31.76,LOW
47.73,1.13,62.12,31.88,LOW
101.64,0.6,67.41,32.69,LOW
61.54,0.45,76.36,29.49,LOW
17.77,0.63,76.18,40.0,LOW
25.39,0.61,71.77,32.69,LOW
36.39,1.15,76.05,30.14,LOW
141.76,1.22,78.67,25.93,HIGH
146.67,0.79,87.78,28.66,HIGH
135.85,1.39,76.91,33.99,HIGH
51.29,1.37,82.39,34.98,MEDIUM
250.0,0.94,72.04,34.17,HIGH
26.44,0.54,84.29,31.75,LOW
35.37,1.45,82.13,24.61,MEDIUM
85.09,0.83,87.52,30.71,MEDIUM
56.84,0.9,85.85,24.66,MEDIUM
59.13,0.72,84.48,23.79,LOW
20.52,0.51,76.92,29.84,LOW
44.7,0.29,80.69,30.83,LOW
26.76,1.09,89.7,32.16,LOW
14.2,0.55,70.83,30.74,LOW
29.4,2.01,71.09,30.86,MEDIUM
56.85,0.44,80.0,25.55,LOW
76.03,0.37,82.57,28.63,LOW
7.28,1.04,68.93,23.73,LOW
46.25,1.43,77.18,21.99,MEDIUM
43.22,0.87,76.97,31.59,MEDIUM
54.8,1.07,53.63,26.36,MEDIUM
18.07,0.15,75.58,32.05,LOW
18.4,0.59,76.27,32.88,LOW
103.41,0.44,76.24,26.83,MEDIUM
23.6,0.13,93.58,31.07,LOW
34.06,0.89,64.63,26.69,LOW
36.81,0.05,68.93,22.54,LOW
27.18,0.35,49.27,29.43,LOW
65.01,0.65,72.71,27.35,LOW
61.28,0.53,73.65,27.46,LOW
41.81,1.0,72.39,35.91,LOW
28.48,0.97,90.18,23.66,LOW
39.38,1.19,87.47,30.34,LOW
49.1,1.14,78.86,25.52,MEDIUM
25.41,1.28,73.92,32.18,MEDIUM
68.33,0.85,89.29,30.04,MEDIUM
89.17,0.97,77.78,30.33,MEDIUM
114.93,1.04,69.0,25.69,MEDIUM
110.45,0.9,59.12,26.32,MEDIUM
36.63,0.7,73.15,32.25,LOW
50.86,0.72,86.3,35.2,LOW
41.22,0.54,100.0,30.68,LOW
41.11,1.01,78.68,25.86,LOW
39.17,0.81,69.58,30.19,LOW
46.87,0.6,64.97,37.5,LOW
98.86,0.6,84.07,29.36,MEDIUM
58.06,0.39,58.59,34.12,LOW
17.36,1.22,84.05,26.41,LOW
86.71,0.88,86.99,28.85,MEDIUM
54.27,0.52,82.8,31.17,LOW
65.52,1.16,75.58,30.39,MEDIUM
57.26,0.64,84.21,26.32,MEDIUM
59.1,0.32,79.88,26.17,LOW
61.0,1.24,69.44,32.46,MEDIUM
9.08,0.65,98.35,33.17,LOW
64.95,0.69,74.13,34.29,LOW
26.32,0.87,86.53,35.31,LOW
32.01,1.28,51.4,29.47,LOW
46.6,0.86,92.04,27.91,LOW
126.54,0.39,94.16,33.73,MEDIUM
20.12,1.06,78.33,31.5,LOW
45.46,0.67,84.15,25.56,LOW
38.46,1.57,84.14,25.38,MEDIUM
85.9,0.85,70.93,30.72,MEDIUM
37.66,0.05,84.02,28.38,LOW
54.71,0.99,69.11,28.91,LOW
20.17,1.59,71.3,32.75,LOW
95.48,1.45,90.4,31.66,MEDIUM
13.07,1.55,88.72,33.65,LOW
64.35,0.46,70.23,22.24,LOW
54.95,1.2,69.93,29.89,MEDIUM
60.66,0.58,70.9,31.43,LOW
13.26,0.94,86.06,23.66,LOW
37.07,0.37,67.0,26.71,LOW
83.16,0.61,81.92,26.06,MEDIUM
138.7,0.59,86.22,29.08,MEDIUM
43.02,1.19,77.03,34.7,MEDIUM
78.06,1.15,89.11,36.08,MEDIUM
51.28,0.96,74.65,26.15,MEDIUM
44.67,0.34,75.65,30.84,LOW
33.89,0.73,67.25,30.96,LOW
46.77,0.57,89.19,30.36,LOW
73.5,1.18,69.57,30.4,MEDIUM
77.56,1.3,81.85,30.06,MEDIUM
15.92,1.25,77.22,34.91,LOW
31.57,0.56,66.42,32.86,LOW
19.3,0.05,71.3,25.29,LOW
48.47,0.18,93.21,31.79,LOW
36.08,1.39,80.22,32.12,LOW
59.26,0.7,66.9,30.1,LOW
62.11,0.56,81.36,32.96,LOW
4.79,1.47,76.39,29.66,LOW
46.51,1.33,100.0,29.7,MEDIUM
100.12,0.86,81.14,29.42,MEDIUM
31.58,0.74,73.81,21.94,LOW
30.86,0.8,93.62,28.72,LOW
89.1,0.94,57.75,26.66,MEDIUM
79.95,1.46,79.04,24.85,MEDIUM
21.06,1.01,99.94,34.02,LOW
74.82,1.13,76.72,30.76,LOW
25.17,1.29,58.93,28.9,LOW
30.61,0.41,73.64,27.02,LOW
21.04,1.14,94.0,30.04,LOW
15.8,0.74,82.14,32.47,LOW
50.51,0.05,68.77,26.11,LOW
13.66,0.05,70.46,28.98,LOW
51.97,0.46,71.84,32.04,LOW
50.83,1.05,81.97,22.22,MEDIUM
41.61,0.89,92.72,28.8,LOW
32.75,0.92,89.58,27.5,LOW
27.94,1.59,83.02,28.53,MEDIUM
18.79,0.37,63.35,27.24,LOW
115.48,0.84,63.39,29.48,MEDIUM
40.26,0.97,83.87,35.73,LOW
39.26,0.57,63.2,27.87,LOW
21.91,0.86,75.52,30.02,LOW
107.77,0.24,81.35,35.98,LOW
29.36,1.39,65.49,27.07,MEDIUM
55.5,0.59,66.73,35.35,LOW
63.06,1.62,76.96,29.02,MEDIUM
50.54,0.84,83.54,35.24,LOW
13.35,1.24,89.68,31.63,LOW
72.72,0.83,84.68,30.07,MEDIUM
29.12,0.84,78.81,28.77,LOW
79.43,0.63,69.79,26.82,LOW
44.41,0.9,66.22,29.27,LOW
65.68,0.97,72.38,32.14,LOW
103.24,0.55,82.51,28.95,MEDIUM
70.94,0.8,81.7,27.89,LOW
66.76,0.62,54.9,28.12,LOW
74.93,1.72,69.36,32.47,MEDIUM
24.45,0.82,91.25,33.29,LOW
81.65,1.44,78.87,26.66,MEDIUM
37.99,0.78,62.41,26.66,LOW
38.93,0.95,100.0,30.33,MEDIUM
49.42,0.35,77.68,34.35,LOW
35.38,0.68,82.23,33.01,LOW
20.39,0.93,82.39,24.62,LOW
46.77,1.45,73.96,28.08,MEDIUM
39.07,0.93,70.0,25.74,LOW
38.03,1.38,100.0,28.06,MEDIUM
43.38,1.09,89.04,34.62,LOW
5.43,1.47,87.04,24.02,MEDIUM
38.25,0.83,84.34,23.33,MEDIUM
111.56,1.76,66.96,26.1,HIGH
105.96,0.67,92.05,30.01,MEDIUM
47.95,0.56,68.73,31.17,LOW
46.8,0.39,81.12,30.53,LOW
3.82,1.74,59.97,33.11,LOW
30.46,1.16,55.55,22.83,LOW
74.43,0.72,81.5,33.16,MEDIUM
34.73,1.32,69.1,27.91,MEDIUM
91.44,1.11,56.12,31.56,MEDIUM
87.87,1.6,83.95,24.37,HIGH
30.0,0.26,100.0,29.02,LOW
50.55,0.75,93.29,29.83,LOW
117.22,0.67,75.17,33.05,MEDIUM
13.06,0.1,78.1,23.45,LOW
35.33,1.25,87.76,29.11,MEDIUM
11.79,0.75,90.34,25.2,LOW
23.01,1.13,74.22,30.77,LOW
139.22,1.75,78.38,31.72,HIGH
35.32,0.72,81.31,33.51,LOW
7.12,0.69,84.09,27.13,LOW
20.21,0.9,76.54,32.25,LOW
10.57,1.23,76.68,33.76,LOW
51.93,0.63,93.18,23.25,MEDIUM
62.43,0.61,91.3,31.14,LOW
82.37,1.25,83.25,32.35,MEDIUM
71.79,0.99,96.91,28.09,MEDIUM
13.67,0.07,73.75,24.76,LOW
60.29,0.38,95.85,32.3,LOW
42.01,1.42,83.97,24.8,MEDIUM
90.23,1.0,100.0,28.38,MEDIUM
77.26,0.56,64.88,28.86,LOW
150.77,0.79,70.42,31.5,MEDIUM
21.63,0.86,82.61,26.81,LOW
19.05,1.13,82.37,26.6,LOW
31.95,0.33,99.45,29.35,LOW
43.26,0.53,70.65,32.52,LOW
27.22,0.95,87.95,37.01,LOW
22.61,0.81,90.79,23.72,LOW
57.58,1.07,85.75,30.1,MEDIUM
31.88,0.38,67.43,25.2,LOW
26.29,0.99,93.49,32.57,LOW
13.65,1.26,91.52,25.72,MEDIUM
4.28,1.03,84.6,26.64,LOW
108.13,0.9,80.25,26.94,MEDIUM
106.08,0.81,80.49,28.73,MEDIUM
78.82,0.53,77.13,30.13,LOW
66.95,0.82,85.05,30.69,MEDIUM
29.61,1.33,78.34,28.98,MEDIUM
68.8,0.8,68.67,24.35,LOW
17.86,0.51,66.47,31.55,LOW
49.68,0.66,69.73,28.81,LOW
24.49,0.93,80.44,33.07,LOW
68.99,0.71,77.7,26.52,LOW
122.28,1.03,80.37,23.39,MEDIUM
20.14,1.05,83.51,28.88,LOW
30.78,1.19,71.1,33.54,LOW
49.03,1.39,94.12,29.56,MEDIUM
8.15,1.23,75.06,28.3,LOW
11.1,0.49,73.23,25.95,LOW
120.01,0.51,83.31,35.15,LOW
57.76,0.82,57.8,25.4,LOW
28.32,0.68,69.3,26.46,LOW
45.36,0.42,88.79,31.0,LOW
32.06,0.68,58.89,22.5,LOW
50.07,0.67,90.29,33.46,LOW
33.0,0.59,94.62,31.18,LOW
42.83,0.73,73.94,32.15,LOW
73.13,1.3,81.21,30.95,MEDIUM
70.02,0.93,90.31,28.44,MEDIUM
115.74,1.79,72.87,25.28,HIGH
60.6,0.91,87.55,28.51,MEDIUM
47.47,0.74,70.62,25.59,LOW
126.76,0.85,72.75,30.7,MEDIUM
39.61,0.95,69.21,31.82,LOW
4.86,1.02,81.77,34.17,LOW
79.47,1.64,90.74,30.3,MEDIUM
55.75,0.53,75.97,32.24,LOW
45.88,1.18,64.02,27.96,LOW
80.86,0.93,66.09,27.33,MEDIUM
33.22,0.25,82.34,30.66,LOW
5.18,1.14,98.29,27.65,LOW
81.91,1.33,82.33,29.94,MEDIUM
27.52,0.52,73.74,25.29,LOW
20.85,0.85,86.43,25.91,LOW
5.54,0.19,75.37,31.22,LOW
77.44,0.37,73.84,32.1,LOW
2.87,1.25,67.46,25.55,LOW
102.72,0.67,93.49,31.35,MEDIUM
35.77,0.43,50.07,27.14,LOW
79.9,0.94,86.78,29.06,MEDIUM
61.87,0.65,72.9,33.96,LOW
141.68,0.67,73.49,31.83,MEDIUM
60.73,1.13,96.62,31.79,LOW
100.28,0.41,70.14,35.68,LOW
30.01,0.51,70.52,26.54,LOW
11.05,0.91,76.57,25.55,LOW
88.13,1.22,82.55,26.47,HIGH
10.72,1.32,73.14,28.11,LOW
76.88,0.6,60.69,20.76,MEDIUM
18.74,1.21,68.48,28.27,LOW
56.51,0.55,92.09,27.09,LOW
143.35,1.54,78.82,31.74,HIGH
72.94,0.42,82.96,30.23,LOW
39.74,1.35,75.12,26.9,MEDIUM
62.86,0.6,70.75,31.06,LOW
30.89,1.62,96.45,31.53,MEDIUM
178.38,1.07,75.93,26.31,HIGH
25.86,0.46,73.12,27.27,LOW
43.04,0.65,90.06,21.21,MEDIUM
68.63,1.15,70.05,25.18,MEDIUM
59.78,1.25,71.46,26.4,MEDIUM
64.47,0.82,78.11,29.26,LOW
31.4,0.87,78.0,25.69,LOW
38.52,1.14,80.86,27.2,LOW
85.48,0.9,100.0,24.71,MEDIUM
82.74,0.36,81.7,29.6,LOW
60.76,0.54,51.84,30.49,LOW
108.35,0.94,81.59,30.41,MEDIUM
87.72,1.31,78.42,29.04,MEDIUM
81.1,1.46,78.48,23.61,MEDIUM
10.51,1.15,80.71,26.83,LOW
60.26,0.96,77.68,27.57,LOW
52.99,1.13,77.42,27.59,LOW
117.26,0.6,84.74,29.26,MEDIUM
41.27,0.79,72.04,33.99,LOW
49.96,0.54,67.58,31.84,LOW
18.52,0.38,100.0,25.54,LOW
21.85,0.98,70.13,31.37,LOW
117.5,0.92,79.1,31.24,MEDIUM
64.3,1.11,61.55,26.18,MEDIUM
143.56,1.06,79.28,31.97,MEDIUM
40.71,0.94,67.73,28.44,LOW
13.18,1.06,73.13,24.07,LOW
36.45,0.83,89.5,30.59,LOW
31.81,1.01,83.19,29.76,LOW
74.64,0.57,84.25,28.2,MEDIUM
72.66,0.99,58.52,28.87,LOW
66.48,1.1,98.21,26.48,MEDIUM
171.77,0.6,64.89,31.14,MEDIUM
104.34,0.87,94.81,28.85,MEDIUM
23.19,0.61,89.24,29.58,LOW
89.6,0.65,84.35,30.25,MEDIUM
47.63,0.42,68.6,24.96,LOW
39.87,1.33,79.67,25.87,MEDIUM
112.75,1.25,72.82,21.27,HIGH
21.94,1.05,78.32,30.98,LOW
85.73,1.6,75.25,24.76,MEDIUM
77.04,0.78,55.58,29.46,LOW
21.58,2.0,90.34,30.3,MEDIUM
10.13,0.76,77.11,31.11,LOW
43.87,0.95,72.67,24.79,MEDIUM
96.37,0.7,71.84,28.77,MEDIUM
60.1,0.99,81.94,34.85,LOW
115.07,1.17,68.17,35.0,MEDIUM
57.29,0.81,53.19,32.46,LOW
119.99,1.53,82.48,30.18,HIGH
29.2,0.94,83.71,25.48,LOW
66.34,0.95,75.8,31.52,MEDIUM
34.43,0.5,65.37,28.45,LOW
42.87,1.01,78.98,30.96,LOW
49.84,0.8,61.89,26.79,LOW
59.97,0.62,66.7,28.39,LOW
26.03,0.55,69.74,29.57,LOW
64.2,1.87,87.28,29.86,MEDIUM
48.06,0.75,74.01,30.73,LOW
13.92,0.3,73.07,26.97,LOW
8.59,0.58,99.5,24.3,LOW
96.61,0.83,81.88,34.69,MEDIUM
41.32,1.06,81.73,37.71,LOW
12.49,1.06,73.93,30.57,LOW
132.55,1.11,71.44,24.37,HIGH
68.67,0.6,53.95,26.29,LOW
58.87,0.98,88.66,30.78,LOW
24.12,0.52,82.93,33.69,LOW
13.73,0.61,76.03,24.75,LOW
53.04,0.5,76.49,28.56,LOW
45.9,0.4,86.1,29.69,LOW
18.8,1.25,60.9,32.03,LOW
18.2,1.11,71.51,27.8,MEDIUM
17.38,1.22,65.5,23.53,LOW
16.83,0.86,97.49,31.17,LOW
28.42,1.15,87.63,32.94,LOW
58.88,0.18,53.77,28.71,LOW
65.86,1.18,61.35,30.42,LOW
45.21,0.92,76.54,27.34,LOW
51.33,1.09,72.8,26.04,LOW
68.0,0.99,63.43,32.59,MEDIUM
6.29,0.47,99.39,30.36,LOW
54.22,0.28,81.44,30.72,LOW
107.36,0.58,83.22,34.26,LOW
40.52,1.06,70.39,25.31,MEDIUM
94.07,1.11,85.95,27.07,MEDIUM
41.09,0.33,73.82,29.55,LOW
71.09,0.48,74.88,27.02,LOW
58.05,0.58,84.72,31.74,LOW
17.12,0.71,60.08,28.34,LOW
20.97,0.33,95.57,25.53,LOW
119.98,0.31,80.01,29.23,MEDIUM
81.64,0.54,92.09,29.6,LOW
43.17,0.88,66.17,32.27,LOW
39.04,0.4,67.85,30.38,LOW
24.26,0.81,65.22,30.61,LOW
61.52,1.25,80.75,30.12,MEDIUM
26.04,0.36,78.73,28.34,LOW
35.26,0.77,72.89,26.49,LOW
28.33,1.24,66.85,30.01,LOW
78.29,0.69,64.07,27.83,MEDIUM
41.86,0.63,77.47,34.91,LOW
51.61,1.29,72.88,33.7,MEDIUM
17.43,0.73,70.46,31.21,LOW
28.17,1.27,95.02,30.32,MEDIUM
52.42,1.01,77.09,28.69,MEDIUM
10.74,0.72,91.97,24.59,LOW
39.55,1.03,72.13,28.24,MEDIUM
46.23,0.97,80.69,29.35,LOW
15.46,1.24,77.39,29.8,LOW
91.36,0.64,59.33,30.64,LOW
59.5,0.87,93.71,32.22,MEDIUM
41.63,0.83,76.51,26.58,LOW
26.54,1.12,86.21,26.61,LOW
10.31,0.46,69.73,34.08,LOW
86.84,1.24,76.19,31.7,MEDIUM
32.77,1.03,68.46,27.63,LOW
13.17,0.35,91.6,28.62,LOW
25.92,1.31,81.43,28.64,MEDIUM
63.89,1.7,82.04,29.11,MEDIUM
55.3,1.23,92.94,30.65,MEDIUM
18.87,1.39,90.72,37.87,LOW
97.03,0.88,86.42,29.66,MEDIUM
13.0,0.22,62.36,31.32,LOW
110.12,0.15,70.35,23.1,MEDIUM
53.66,0.95,66.96,27.3,LOW
34.75,0.63,86.0,33.3,LOW
38.57,0.5,79.88,30.41,LOW
49.4,0.83,62.7,18.0,LOW
67.3,1.08,75.92,31.36,MEDIUM
8.48,0.3,61.56,35.71,LOW
25.22,0.68,77.42,22.01,LOW
48.28,1.42,59.79,34.32,MEDIUM
99.43,0.44,83.82,19.3,MEDIUM
97.0,1.18,82.16,32.28,MEDIUM
124.8,0.67,98.99,28.97,MEDIUM
94.01,1.06,87.33,20.78,MEDIUM
23.65,1.27,73.35,30.56,LOW
46.09,1.13,87.0,33.03,LOW
94.38,1.2,62.63,30.27,MEDIUM
88.46,0.41,67.41,31.05,LOW
40.05,1.27,81.66,27.56,MEDIUM
66.04,0.53,54.26,22.49,LOW
32.63,0.95,77.59,31.42,LOW
12.0,0.95,66.78,35.12,LOW
42.71,1.03,79.11,32.95,LOW
40.83,0.98,66.14,22.04,MEDIUM
31.41,0.53,82.67,23.7,LOW
67.49,0.34,78.21,26.04,LOW
39.05,1.18,93.4,23.42,LOW
61.23,0.92,78.07,29.15,MEDIUM
77.34,1.29,69.54,30.38,MEDIUM
184.89,0.83,75.28,23.99,HIGH
43.25,0.32,63.21,31.72,LOW
100.33,1.22,82.47,31.1,MEDIUM
54.74,0.71,84.49,27.08,LOW
56.97,0.98,100.0,28.4,MEDIUM
43.68,0.6,71.16,22.18,LOW
51.44,1.47,75.05,27.84,MEDIUM
39.32,0.52,71.67,29.03,LOW
89.23,0.72,80.33,29.59,MEDIUM
26.0,0.89,82.2,30.33,LOW
11.89,0.43,77.41,29.85,LOW
30.6,0.98,89.95,28.07,MEDIUM
28.05,1.46,71.21,30.0,MEDIUM
30.59,0.66,88.85,32.51,LOW
42.0,1.0,83.92,28.67,MEDIUM
30.68,0.05,77.87,30.11,LOW
41.56,0.84,74.54,28.35,LOW
30.76,0.73,100.0,26.74,LOW
62.13,0.54,69.01,30.83,LOW
183.84,1.26,81.28,27.06,HIGH
53.97,0.73,69.75,30.35,LOW
31.76,0.78,97.64,29.1,LOW
3.78,0.71,87.76,27.94,LOW
146.51,0.12,70.54,27.85,LOW
56.12,0.42,83.64,27.22,LOW
41.29,1.22,80.83,23.24,MEDIUM
4.11,0.05,72.32,30.34,LOW
42.91,0.56,86.34,29.81,LOW
51.13,0.7,82.28,31.97,LOW
30.84,1.51,80.37,27.14,LOW
14.25,1.14,77.54,35.63,LOW
13.36,0.64,82.74,27.67,LOW
147.98,1.35,80.52,25.94,HIGH
50.08,0.57,78.65,25.52,LOW
30.82,1.23,70.95,22.93,MEDIUM
47.96,0.33,96.63,34.36,LOW
45.62,1.26,66.45,33.8,LOW
12.71,0.7,82.7,31.1,LOW
85.4,0.46,74.48,25.86,MEDIUM
40.49,0.77,97.36,35.34,LOW
50.57,0.96,68.06,27.77,LOW
117.5,0.66,69.91,28.06,MEDIUM
14.67,1.06,67.33,34.03,LOW
24.89,0.63,81.56,31.31,LOW
58.23,1.09,62.9,36.7,LOW
84.29,1.02,72.74,29.87,MEDIUM
28.56,0.83,54.32,27.61,LOW
29.89,0.68,80.64,26.86,LOW
71.61,0.91,72.5,22.54,LOW
174.88,1.06,61.63,28.02,HIGH
49.11,1.63,89.94,33.01,MEDIUM
24.83,1.21,63.62,31.1,LOW
19.07,1.22,86.77,29.07,LOW
41.91,2.02,70.29,25.52,MEDIUM
81.75,1.05,95.62,29.79,MEDIUM
223.44,1.03,86.25,32.54,HIGH
36.83,1.12,66.91,30.51,LOW
49.17,0.47,67.91,29.58,LOW
132.56,0.68,84.66,26.21,HIGH
57.56,0.66,75.11,32.04,LOW
54.24,1.1,76.14,18.04,MEDIUM
116.56,0.78,91.99,30.34,MEDIUM
50.0,0.9,69.76,38.0,LOW
20.49,1.26,79.0,23.72,LOW
101.56,1.18,88.5,28.16,MEDIUM
10.68,0.79,86.9,28.97,LOW
90.66,0.6,76.24,27.38,LOW
46.4,1.28,74.82,32.63,LOW
37.13,1.14,58.87,30.65,LOW
36.4,0.24,66.38,29.53,LOW
41.79,0.73,81.5,31.79,LOW
33.11,0.91,76.48,29.06,LOW
63.47,1.15,78.82,40.0,MEDIUM
34.03,1.2,89.43,29.53,MEDIUM
46.65,0.96,64.94,29.68,LOW
6.5,1.07,75.4,23.01,LOW
46.42,0.87,80.08,27.1,LOW
32.59,0.59,70.25,33.02,LOW
86.32,0.75,93.75,24.33,MEDIUM
38.31,0.86,87.99,21.45,LOW
78.18,0.84,81.19,29.11,MEDIUM
72.33,0.13,97.74,33.8,LOW
73.67,0.7,61.51,29.15,LOW
39.35,0.87,77.92,27.82,LOW
48.66,0.74,82.03,22.5,LOW
62.31,0.76,67.94,30.58,LOW
49.74,1.04,81.31,31.31,LOW
38.38,0.44,65.83,22.76,LOW
22.17,0.23,85.6,32.97,LOW
47.04,0.72,89.64,31.68,LOW
11.93,1.14,81.0,32.96,LOW
5.93,1.49,57.62,31.04,LOW
17.94,1.15,67.37,31.29,LOW
73.1,0.29,84.21,30.82,LOW
55.02,0.76,78.23,32.04,LOW
73.59,0.95,48.37,22.63,MEDIUM
26.8,0.92,91.67,23.75,MEDIUM
92.17,1.05,79.5,26.42,MEDIUM
13.37,0.5,68.99,28.55,LOW
18.56,0.87,88.94,30.36,LOW
91.11,1.01,70.55,30.14,MEDIUM
52.25,1.16,70.43,32.91,MEDIUM
73.89,0.54,81.94,33.02,LOW
55.18,0.72,97.59,25.95,LOW
29.99,0.05,95.86,29.84,LOW
16.6,0.61,81.96,26.03,LOW
7.93,0.65,83.09,28.34,LOW
139.73,0.46,86.71,30.13,MEDIUM
10.25,0.91,64.17,18.0,LOW
114.04,0.83,85.09,37.44,LOW
50.22,0.05,69.93,30.98,LOW
56.38,0.93,81.5,26.92,MEDIUM
53.82,0.5,75.5,35.75,LOW
67.77,1.03,83.51,27.78,MEDIUM
24.7,0.36,79.3,29.46,LOW
4.97,0.86,44.2,27.3,LOW
29.49,0.74,79.97,34.78,LOW
63.91,0.97,85.06,28.63,MEDIUM
18.72,0.9,82.91,29.52,LOW
93.66,0.75,76.87,33.21,MEDIUM
42.36,0.27,96.06,31.05,LOW
17.18,0.29,81.43,28.81,LOW
51.88,0.63,82.81,32.89,LOW
63.18,0.85,89.49,37.88,MEDIUM
66.34,0.62,81.99,30.11,LOW
91.18,1.09,68.12,29.41,MEDIUM
12.37,0.74,51.18,29.6,LOW
91.26,0.48,72.75,33.59,MEDIUM
96.83,0.74,86.37,26.9,MEDIUM
16.64,0.94,74.12,28.03,LOW
19.83,0.97,86.81,23.62,LOW
76.42,1.56,79.64,24.86,MEDIUM
34.19,0.6,92.17,27.19,LOW
106.26,0.82,74.75,28.8,MEDIUM
125.71,1.01,83.14,35.19,MEDIUM
17.17,0.84,83.56,30.88,LOW
24.29,0.66,94.52,25.81,LOW
49.98,0.26,59.23,26.45,LOW
4.78,0.66,72.96,33.81,LOW
8.2,0.44,87.33,32.94,LOW
21.99,0.19,95.0,29.1,LOW
153.81,0.55,80.64,27.45,MEDIUM
55.56,0.45,74.78,32.94,LOW
27.7,1.07,86.33,25.52,MEDIUM
19.69,1.08,87.56,30.37,LOW
16.46,0.51,74.04,36.95,LOW
29.37,0.75,81.63,29.72,LOW
28.03,0.14,90.99,26.29,LOW
39.06,0.66,98.8,30.44,LOW
65.27,1.0,86.17,27.35,LOW
43.7,1.16,78.49,24.12,MEDIUM
79.5,0.58,77.41,31.45,LOW
36.96,1.25,84.13,32.91,LOW
131.91,0.27,76.73,27.91,MEDIUM
78.21,0.38,80.09,27.68,LOW
54.49,1.12,66.36,25.63,LOW
65.43,1.49,92.27,28.48,MEDIUM
30.02,1.04,65.46,27.03,LOW
38.58,0.83,73.25,25.46,LOW
37.45,0.05,79.07,35.62,LOW
25.06,0.08,99.9,30.63,LOW
13.92,0.9,73.35,31.0,LOW
67.88,0.71,70.67,32.09,LOW
88.01,0.43,71.94,31.7,LOW
61.38,0.87,96.25,27.55,MEDIUM
43.61,0.89,47.06,29.95,LOW
170.5,1.21,66.97,28.06,HIGH
27.42,0.9,100.0,30.53,LOW
55.81,1.32,84.5,30.2,MEDIUM
96.48,0.85,65.83,27.66,MEDIUM
18.08,0.81,77.54,24.35,LOW
71.47,1.25,78.74,29.51,MEDIUM
137.49,0.48,87.31,28.29,MEDIUM
46.32,1.92,98.23,22.38,HIGH
52.32,0.99,82.27,30.78,MEDIUM
27.55,0.99,72.06,32.38,LOW
64.91,1.05,86.66,37.85,MEDIUM
24.55,1.56,70.32,27.63,MEDIUM
44.32,1.15,66.63,27.11,MEDIUM
12.29,0.24,58.64,25.12,LOW
2.27,1.38,60.78,29.73,LOW
32.17,0.72,68.14,29.71,LOW
31.76,0.89,65.04,26.16,LOW
34.38,0.36,81.45,28.39,LOW
76.63,1.05,64.81,22.07,MEDIUM
89.65,0.6,43.42,32.24,LOW
57.47,0.89,66.52,26.3,LOW
73.04,0.74,72.81,28.88,MEDIUM
25.15,1.58,71.34,24.01,MEDIUM
20.28,1.6,94.71,26.96,MEDIUM
65.82,0.87,71.25,28.02,MEDIUM
17.86,0.87,87.69,28.96,LOW
16.09,0.71,77.79,30.68,LOW
228.12,1.27,77.53,34.04,HIGH
48.53,0.73,68.81,31.56,LOW
31.78,0.69,77.35,32.37,LOW
28.96,1.22,69.58,34.06,LOW
12.64,0.65,79.87,30.99,LOW
56.62,0.84,75.4,28.87,MEDIUM
36.89,0.25,67.61,32.53,LOW
87.97,1.12,88.91,32.76,MEDIUM
67.24,1.59,82.7,31.27,MEDIUM
35.93,1.12,73.07,23.91,MEDIUM
6.47,1.41,79.6,26.05,MEDIUM
48.62,0.53,77.08,28.04,LOW
45.5,0.94,68.46,31.73,MEDIUM
4.97,0.49,78.78,28.93,LOW
62.01,0.76,71.17,32.98,LOW
17.31,1.14,67.61,33.6,LOW
91.02,0.89,60.15,33.2,MEDIUM
43.49,0.31,74.06,33.22,LOW
28.3,0.35,84.24,25.37,LOW
53.65,0.33,70.36,30.69,LOW
51.32,1.04,100.0,26.87,MEDIUM
49.97,1.63,87.74,23.23,MEDIUM
83.18,1.37,92.35,27.99,MEDIUM
55.99,0.13,86.75,33.64,LOW
26.28,1.39,98.38,30.61,MEDIUM
37.75,1.21,69.34,36.06,LOW
112.73,0.26,49.83,29.62,LOW
24.37,0.73,73.09,37.57,LOW
61.31,1.27,84.14,29.62,MEDIUM
85.22,1.06,79.67,29.08,MEDIUM
65.46,0.35,81.03,24.52,LOW
48.84,1.08,92.53,32.89,LOW
54.41,0.05,82.2,27.24,LOW
68.31,0.77,86.79,26.74,MEDIUM
24.13,1.28,67.66,33.48,LOW
45.72,0.86,65.95,33.05,LOW
169.89,0.66,95.76,32.96,HIGH
62.63,1.19,79.11,27.73,MEDIUM
50.09,1.22,71.14,28.82,MEDIUM
34.91,1.35,71.16,28.79,MEDIUM
24.35,1.18,70.86,31.74,LOW
55.7,1.26,70.2,34.44,MEDIUM
58.44,1.13,63.89,30.29,LOW
43.5,0.95,61.5,35.91,LOW
213.35,0.88,75.85,32.14,HIGH
26.15,0.76,71.48,28.18,LOW
21.31,0.39,90.18,31.9,LOW
35.29,0.49,81.22,34.97,LOW
44.53,0.74,80.92,35.99,LOW
23.31,0.94,69.83,33.15,LOW
54.75,1.4,76.67,29.09,MEDIUM
58.97,0.83,81.97,28.24,MEDIUM
73.84,1.23,85.88,31.02,MEDIUM
31.02,1.26,76.97,34.86,LOW
106.71,0.76,89.87,30.52,MEDIUM
70.53,1.08,78.09,30.59,MEDIUM
25.72,0.76,86.72,29.18,LOW
23.22,1.35,72.61,27.85,LOW
37.16,1.09,58.06,28.43,LOW
59.07,0.4,80.95,29.47,LOW
65.1,0.91,85.98,35.01,LOW
70.44,1.48,84.33,28.16,MEDIUM
163.08,0.78,82.64,29.18,HIGH
8.89,1.02,74.17,25.97,LOW
42.63,1.06,69.13,31.51,LOW
154.56,0.46,84.07,33.78,MEDIUM
76.12,1.04,82.69,34.69,LOW
20.18,0.32,71.83,29.71,LOW
52.83,0.61,90.2,31.01,LOW
40.77,1.26,68.29,28.46,MEDIUM
39.7,0.99,71.58,30.85,LOW
30.56,0.73,96.0,30.1,LOW
49.84,1.02,87.55,29.2,MEDIUM
94.18,0.83,74.06,29.48,MEDIUM
32.76,0.85,81.16,30.58,LOW
70.79,1.1,79.7,27.97,MEDIUM
79.2,0.57,47.8,28.15,LOW
106.15,0.87,68.03,34.98,MEDIUM
22.89,0.73,77.44,38.49,LOW
47.05,0.25,74.08,24.78,LOW
27.82,0.5,80.72,24.59,LOW
49.9,1.45,90.42,25.65,MEDIUM
49.67,1.0,74.46,28.64,LOW
18.28,0.35,66.37,32.14,LOW
52.01,0.26,81.57,31.07,LOW
168.22,0.81,74.41,29.6,MEDIUM
65.27,1.44,76.28,30.85,MEDIUM
15.07,0.78,74.79,26.58,LOW
21.7,1.35,100.0,28.15,MEDIUM
45.34,0.98,53.35,28.93,LOW
22.13,1.03,73.73,23.46,LOW
102.51,0.34,77.96,24.94,MEDIUM
13.42,1.21,69.41,25.07,LOW
65.58,0.72,87.9,31.67,LOW
10.8,1.18,86.95,29.86,MEDIUM
44.82,0.54,77.47,31.14,LOW
19.46,0.92,75.02,22.56,LOW
73.73,0.98,76.77,23.81,MEDIUM
91.63,0.79,76.85,31.32,LOW
58.95,1.0,77.14,19.27,MEDIUM
94.38,0.75,75.93,33.29,MEDIUM
3.46,0.6,80.78,22.62,LOW
51.55,1.46,86.29,31.95,MEDIUM
64.95,1.25,64.47,25.89,MEDIUM
70.69,0.56,66.44,32.67,LOW
62.38,1.07,58.77,40.0,LOW
71.72,0.57,87.53,21.04,MEDIUM
51.14,0.4,80.75,31.43,LOW
15.21,1.24,83.56,22.67,MEDIUM
30.38,0.2,62.28,30.49,LOW
102.85,1.2,97.63,28.28,HIGH
95.5,0.75,71.3,29.45,MEDIUM
64.15,0.77,79.85,25.81,MEDIUM
74.77,1.01,87.4,31.73,MEDIUM
88.31,1.07,67.14,23.93,MEDIUM
63.65,0.54,71.99,33.35,LOW
100.98,1.12,79.97,27.57,MEDIUM
98.84,0.89,100.0,24.09,MEDIUM
201.22,0.37,81.31,34.58,MEDIUM
31.39,0.79,95.67,28.76,LOW
31.85,1.37,91.26,35.68,MEDIUM
60.45,1.49,82.05,33.27,MEDIUM
148.9,1.12,67.12,26.21,HIGH
106.11,0.4,89.66,28.7,MEDIUM
80.97,1.04,61.52,29.42,LOW
110.77,1.17,95.61,34.34,HIGH
65.75,1.13,80.2,30.53,MEDIUM
37.5,1.15,48.85,29.62,LOW
172.15,0.99,74.25,28.3,HIGH
62.51,0.82,85.19,28.82,LOW
97.45,0.62,75.39,33.57,MEDIUM
3.42,0.13,85.87,29.01,LOW
4.5,0.98,68.65,27.62,LOW
52.7,0.92,63.63,27.02,LOW
22.14,1.06,77.21,27.06,LOW
56.15,0.34,78.35,24.09,LOW
31.81,1.1,74.17,26.37,LOW
219.38,1.63,91.5,34.24,HIGH
92.48,0.88,68.65,28.28,MEDIUM
117.63,0.83,81.44,31.47,MEDIUM
5.79,0.97,78.75,20.32,LOW
80.25,1.62,60.88,30.99,MEDIUM
40.9,0.46,63.49,28.44,LOW
119.07,0.93,78.13,27.31,MEDIUM
72.65,0.55,99.79,29.63,LOW
45.41,0.64,84.37,27.26,LOW
16.76,0.83,59.02,21.57,LOW
51.98,1.36,43.78,32.23,LOW
101.36,1.53,86.06,29.85,HIGH
123.46,1.02,76.94,27.9,MEDIUM
35.64,0.71,90.55,25.62,LOW
197.57,1.8,68.31,23.86,HIGH
96.29,0.69,81.85,29.78,MEDIUM
22.53,0.63,87.31,34.65,LOW
18.26,0.18,73.08,29.71,LOW
42.86,1.38,73.31,24.16,MEDIUM
35.57,1.22,78.28,29.79,MEDIUM
66.1,1.77,83.97,28.81,HIGH
48.14,0.32,77.84,32.02,LOW
37.93,1.4,88.71,31.12,MEDIUM
11.45,0.88,72.92,18.55,LOW
74.15,1.16,63.39,30.91,MEDIUM
10.46,0.22,99.75,25.49,LOW
96.5,1.41,71.35,24.02,HIGH
6.62,1.15,71.75,28.34,LOW
9.83,0.84,77.28,30.44,LOW
22.44,1.1,78.74,23.26,LOW
33.14,0.56,73.75,31.47,LOW
27.94,0.63,77.81,31.67,LOW
33.03,0.67,77.56,29.16,LOW
56.94,0.15,79.92,25.96,LOW
22.9,1.18,52.07,25.57,LOW
57.32,1.3,98.69,32.59,MEDIUM
3.49,0.58,76.38,23.71,LOW
22.16,0.98,84.39,32.73,LOW
9.32,0.75,62.84,28.42,LOW
95.77,0.97,72.82,28.66,MEDIUM
25.57,0.61,70.6,23.02,LOW
71.04,0.51,94.17,28.49,LOW
7.59,1.25,71.56,31.15,LOW
122.15,0.83,86.34,24.32,MEDIUM
50.2,1.62,70.85,30.75,MEDIUM
